Time(s),CH1(V),CH2(V),CH3(V)
-4.9000E-08,0.000000E+00,8.636639E-02,2.205160E-03
-4.8500E-08,-8.547080E-02,8.636639E-02,4.410320E-03
-4.8000E-08,-8.547080E-02,8.636639E-02,2.205160E-03
-4.7500E-08,0.000000E+00,8.636639E-02,2.205160E-03
-4.7000E-08,0.000000E+00,8.636639E-02,0.000000E+00
-4.6500E-08,0.000000E+00,8.636639E-02,-2.205160E-03
-4.6000E-08,0.000000E+00,8.636639E-02,-2.205160E-03
-4.5500E-08,0.000000E+00,8.636639E-02,0.000000E+00
-4.5000E-08,0.000000E+00,8.636639E-02,0.000000E+00
-4.4500E-08,0.000000E+00,0.000000E+00,-2.205160E-03
-4.4000E-08,-8.547080E-02,8.636639E-02,-4.410320E-03
-4.3500E-08,-8.547080E-02,1.727328E-01,-2.205160E-03
-4.3000E-08,0.000000E+00,8.636639E-02,-4.410320E-03
-4.2500E-08,-8.547080E-02,0.000000E+00,-4.410320E-03
-4.2000E-08,-8.547080E-02,8.636639E-02,-2.205160E-03
-4.1500E-08,0.000000E+00,8.636639E-02,-4.410320E-03
-4.1000E-08,0.000000E+00,1.727328E-01,-4.410320E-03
-4.0500E-08,0.000000E+00,8.636639E-02,-2.205160E-03
-4.0000E-08,8.547080E-02,0.000000E+00,-4.410320E-03
-3.9500E-08,8.547080E-02,8.636639E-02,-4.410320E-03
-3.9000E-08,0.000000E+00,8.636639E-02,-6.615480E-03
-3.8500E-08,0.000000E+00,8.636639E-02,-2.205160E-03
-3.8000E-08,0.000000E+00,8.636639E-02,-4.410320E-03
-3.7500E-08,0.000000E+00,8.636639E-02,-2.205160E-03
-3.7000E-08,0.000000E+00,8.636639E-02,-4.410320E-03
-3.6500E-08,0.000000E+00,8.636639E-02,-6.615480E-03
-3.6000E-08,0.000000E+00,8.636639E-02,-6.615480E-03
-3.5500E-08,0.000000E+00,8.636639E-02,-2.205160E-03
-3.5000E-08,0.000000E+00,8.636639E-02,-6.615480E-03
-3.4500E-08,0.000000E+00,0.000000E+00,-6.615480E-03
-3.4000E-08,0.000000E+00,0.000000E+00,-6.615480E-03
-3.3500E-08,0.000000E+00,0.000000E+00,-6.615480E-03
-3.3000E-08,0.000000E+00,0.000000E+00,-6.615480E-03
-3.2500E-08,0.000000E+00,8.636639E-02,-2.205160E-03
-3.2000E-08,-8.547080E-02,8.636639E-02,-4.410320E-03
-3.1500E-08,-8.547080E-02,8.636639E-02,-4.410320E-03
-3.1000E-08,0.000000E+00,8.636639E-02,-6.615480E-03
-3.0500E-08,-8.547080E-02,8.636639E-02,-6.615480E-03
-3.0000E-08,0.000000E+00,0.000000E+00,-4.410320E-03
-2.9500E-08,0.000000E+00,8.636639E-02,0.000000E+00
-2.9000E-08,0.000000E+00,0.000000E+00,-2.205160E-03
-2.8500E-08,0.000000E+00,-8.636639E-02,0.000000E+00
-2.8000E-08,-8.547080E-02,0.000000E+00,-2.205160E-03
-2.7500E-08,0.000000E+00,0.000000E+00,-2.205160E-03
-2.7000E-08,0.000000E+00,0.000000E+00,2.205160E-03
-2.6500E-08,-8.547080E-02,0.000000E+00,2.205160E-03
-2.6000E-08,0.000000E+00,0.000000E+00,0.000000E+00
-2.5500E-08,0.000000E+00,0.000000E+00,0.000000E+00
-2.5000E-08,0.000000E+00,0.000000E+00,0.000000E+00
-2.4500E-08,8.547080E-02,8.636639E-02,0.000000E+00
-2.4000E-08,0.000000E+00,8.636639E-02,-2.205160E-03
-2.3500E-08,0.000000E+00,8.636639E-02,0.000000E+00
-2.3000E-08,8.547080E-02,0.000000E+00,-2.205160E-03
-2.2500E-08,8.547080E-02,0.000000E+00,-2.205160E-03
-2.2000E-08,0.000000E+00,0.000000E+00,-2.205160E-03
-2.1500E-08,0.000000E+00,0.000000E+00,0.000000E+00
-2.1000E-08,0.000000E+00,0.000000E+00,0.000000E+00
-2.0500E-08,0.000000E+00,0.000000E+00,2.205160E-03
-2.0000E-08,0.000000E+00,0.000000E+00,0.000000E+00
-1.9500E-08,0.000000E+00,0.000000E+00,0.000000E+00
-1.9000E-08,0.000000E+00,8.636639E-02,-4.410320E-03
-1.8500E-08,0.000000E+00,8.636639E-02,0.000000E+00
-1.8000E-08,0.000000E+00,0.000000E+00,0.000000E+00
-1.7500E-08,-8.547080E-02,0.000000E+00,2.205160E-03
-1.7000E-08,-8.547080E-02,8.636639E-02,2.205160E-03
-1.6500E-08,-8.547080E-02,8.636639E-02,-2.205160E-03
-1.6000E-08,-8.547080E-02,0.000000E+00,-2.205160E-03
-1.5500E-08,-8.547080E-02,0.000000E+00,0.000000E+00
-1.5000E-08,-8.547080E-02,8.636639E-02,-2.205160E-03
-1.4500E-08,0.000000E+00,0.000000E+00,-2.205160E-03
-1.4000E-08,0.000000E+00,0.000000E+00,0.000000E+00
-1.3500E-08,0.000000E+00,0.000000E+00,0.000000E+00
-1.3000E-08,0.000000E+00,0.000000E+00,0.000000E+00
-1.2500E-08,0.000000E+00,8.636639E-02,0.000000E+00
-1.2000E-08,-8.547080E-02,1.727328E-01,0.000000E+00
-1.1500E-08,-8.547080E-02,8.636639E-02,0.000000E+00
-1.1000E-08,-8.547080E-02,8.636639E-02,0.000000E+00
-1.0500E-08,-8.547080E-02,8.636639E-02,0.000000E+00
-1.0000E-08,0.000000E+00,8.636639E-02,2.205160E-03
-9.5000E-09,0.000000E+00,8.636639E-02,2.205160E-03
-9.0000E-09,0.000000E+00,8.636639E-02,0.000000E+00
-8.5000E-09,0.000000E+00,8.636639E-02,2.205160E-03
-8.0000E-09,0.000000E+00,0.000000E+00,2.205160E-03
-7.5000E-09,0.000000E+00,0.000000E+00,4.410320E-03
-7.0000E-09,0.000000E+00,8.636639E-02,2.205160E-03
-6.5000E-09,0.000000E+00,8.636639E-02,2.205160E-03
-6.0000E-09,0.000000E+00,0.000000E+00,4.410320E-03
-5.5000E-09,0.000000E+00,8.636639E-02,4.410320E-03
-5.0000E-09,0.000000E+00,8.636639E-02,6.615480E-03
-4.5000E-09,0.000000E+00,8.636639E-02,6.615480E-03
-4.0000E-09,0.000000E+00,8.636639E-02,6.615480E-03
-3.5000E-09,0.000000E+00,0.000000E+00,4.410320E-03
-3.0000E-09,0.000000E+00,8.636639E-02,4.410320E-03
-2.5000E-09,0.000000E+00,1.727328E-01,6.615480E-03
-2.0000E-09,0.000000E+00,3.454656E-01,8.820640E-03
-1.5000E-09,0.000000E+00,6.045647E-01,8.820640E-03
-1.0000E-09,0.000000E+00,8.636639E-01,6.615480E-03
-5.0000E-10,0.000000E+00,1.036397E+00,6.615480E-03
-5.3560E-23,0.000000E+00,1.122763E+00,6.615480E-03
5.0000E-10,-8.547080E-02,1.295496E+00,1.102580E-02
1.0000E-09,-8.547080E-02,1.468229E+00,6.615480E-03
1.5000E-09,0.000000E+00,1.554595E+00,8.820640E-03
2.0000E-09,0.000000E+00,1.554595E+00,1.102580E-02
2.5000E-09,0.000000E+00,1.554595E+00,1.323096E-02
3.0000E-09,0.000000E+00,1.640961E+00,1.102580E-02
3.5000E-09,0.000000E+00,1.813694E+00,1.102580E-02
4.0000E-09,0.000000E+00,1.813694E+00,1.102580E-02
4.5000E-09,0.000000E+00,1.813694E+00,1.102580E-02
5.0000E-09,0.000000E+00,1.900061E+00,1.102580E-02
5.5000E-09,0.000000E+00,1.986427E+00,1.323096E-02
6.0000E-09,-8.547080E-02,2.072793E+00,1.323096E-02
6.5000E-09,-8.547080E-02,2.072793E+00,1.323096E-02
7.0000E-09,-8.547080E-02,2.072793E+00,1.323096E-02
7.5000E-09,-8.547080E-02,1.986427E+00,1.543612E-02
8.0000E-09,0.000000E+00,2.072793E+00,1.323096E-02
8.5000E-09,0.000000E+00,2.159160E+00,1.323096E-02
9.0000E-09,-8.547080E-02,2.159160E+00,1.323096E-02
9.5000E-09,0.000000E+00,2.072793E+00,1.543612E-02
1.0000E-08,0.000000E+00,2.072793E+00,1.323096E-02
1.0500E-08,0.000000E+00,2.072793E+00,1.102580E-02
1.1000E-08,0.000000E+00,2.072793E+00,1.323096E-02
1.1500E-08,0.000000E+00,1.986427E+00,1.323096E-02
1.2000E-08,0.000000E+00,1.986427E+00,1.323096E-02
1.2500E-08,0.000000E+00,2.072793E+00,1.102580E-02
1.3000E-08,0.000000E+00,2.072793E+00,1.323096E-02
1.3500E-08,0.000000E+00,2.072793E+00,1.323096E-02
1.4000E-08,0.000000E+00,1.986427E+00,1.323096E-02
1.4500E-08,0.000000E+00,1.986427E+00,1.984644E-02
1.5000E-08,0.000000E+00,1.986427E+00,1.764128E-02
1.5500E-08,0.000000E+00,1.986427E+00,1.764128E-02
1.6000E-08,0.000000E+00,2.072793E+00,1.764128E-02
1.6500E-08,8.547080E-02,2.072793E+00,1.543612E-02
1.7000E-08,0.000000E+00,2.159160E+00,1.764128E-02
1.7500E-08,0.000000E+00,2.072793E+00,1.764128E-02
1.8000E-08,0.000000E+00,2.072793E+00,1.764128E-02
1.8500E-08,0.000000E+00,2.159160E+00,1.764128E-02
1.9000E-08,8.547080E-02,2.159160E+00,2.205160E-02
1.9500E-08,8.547080E-02,2.159160E+00,1.984644E-02
2.0000E-08,0.000000E+00,2.245526E+00,2.205160E-02
2.0500E-08,0.000000E+00,2.159160E+00,1.984644E-02
2.1000E-08,0.000000E+00,2.072793E+00,2.425676E-02
2.1500E-08,0.000000E+00,2.072793E+00,2.205160E-02
2.2000E-08,0.000000E+00,1.986427E+00,2.205160E-02
2.2500E-08,0.000000E+00,1.986427E+00,1.984644E-02
2.3000E-08,0.000000E+00,2.072793E+00,1.984644E-02
2.3500E-08,-8.547080E-02,2.159160E+00,2.205160E-02
2.4000E-08,-8.547080E-02,2.159160E+00,2.205160E-02
2.4500E-08,0.000000E+00,2.159160E+00,2.425676E-02
2.5000E-08,0.000000E+00,2.159160E+00,2.425676E-02
2.5500E-08,-8.547080E-02,2.159160E+00,2.425676E-02
2.6000E-08,0.000000E+00,2.159160E+00,2.425676E-02
2.6500E-08,0.000000E+00,2.159160E+00,2.205160E-02
2.7000E-08,0.000000E+00,2.159160E+00,2.425676E-02
2.7500E-08,-8.547080E-02,2.159160E+00,2.425676E-02
2.8000E-08,-8.547080E-02,2.159160E+00,2.205160E-02
2.8500E-08,-8.547080E-02,2.159160E+00,2.425676E-02
2.9000E-08,0.000000E+00,2.245526E+00,2.425676E-02
2.9500E-08,0.000000E+00,2.245526E+00,2.646192E-02
3.0000E-08,0.000000E+00,2.072793E+00,2.425676E-02
3.0500E-08,0.000000E+00,2.072793E+00,2.425676E-02
3.1000E-08,-8.547080E-02,2.072793E+00,2.425676E-02
3.1500E-08,-8.547080E-02,2.159160E+00,2.646192E-02
3.2000E-08,0.000000E+00,2.159160E+00,2.646192E-02
3.2500E-08,0.000000E+00,2.159160E+00,2.425676E-02
3.3000E-08,0.000000E+00,2.159160E+00,2.425676E-02
3.3500E-08,-8.547080E-02,2.159160E+00,2.425676E-02
3.4000E-08,-8.547080E-02,2.245526E+00,2.425676E-02
3.4500E-08,0.000000E+00,2.159160E+00,2.425676E-02
3.5000E-08,-8.547080E-02,2.072793E+00,2.205160E-02
3.5500E-08,-8.547080E-02,2.245526E+00,2.425676E-02
3.6000E-08,-8.547080E-02,2.331892E+00,2.425676E-02
3.6500E-08,0.000000E+00,2.159160E+00,2.205160E-02
3.7000E-08,0.000000E+00,2.159160E+00,1.984644E-02
3.7500E-08,0.000000E+00,2.331892E+00,2.205160E-02
3.8000E-08,8.547080E-02,2.245526E+00,1.764128E-02
3.8500E-08,1.709416E-01,2.159160E+00,2.205160E-02
3.9000E-08,8.547080E-02,2.072793E+00,1.984644E-02
3.9500E-08,-8.547080E-02,2.072793E+00,1.984644E-02
4.0000E-08,-8.547080E-02,2.159160E+00,2.425676E-02
4.0500E-08,0.000000E+00,2.245526E+00,2.425676E-02
4.1000E-08,0.000000E+00,2.159160E+00,1.984644E-02
4.1500E-08,0.000000E+00,2.245526E+00,2.205160E-02
4.2000E-08,-8.547080E-02,2.245526E+00,1.984644E-02
4.2500E-08,-8.547080E-02,2.159160E+00,2.205160E-02
4.3000E-08,0.000000E+00,2.159160E+00,2.205160E-02
4.3500E-08,-8.547080E-02,2.159160E+00,1.984644E-02
4.4000E-08,-8.547080E-02,2.245526E+00,1.984644E-02
4.4500E-08,0.000000E+00,2.245526E+00,2.205160E-02
4.5000E-08,0.000000E+00,2.159160E+00,1.984644E-02
4.5500E-08,-8.547080E-02,2.159160E+00,1.543612E-02
4.6000E-08,-8.547080E-02,2.159160E+00,1.764128E-02
4.6500E-08,0.000000E+00,2.072793E+00,1.984644E-02
4.7000E-08,0.000000E+00,2.159160E+00,1.543612E-02
4.7500E-08,0.000000E+00,2.245526E+00,1.764128E-02
4.8000E-08,0.000000E+00,2.245526E+00,1.764128E-02
4.8500E-08,0.000000E+00,2.245526E+00,1.764128E-02
4.9000E-08,0.000000E+00,2.245526E+00,1.764128E-02
4.9500E-08,-8.547080E-02,2.245526E+00,1.764128E-02
5.0000E-08,-8.547080E-02,2.159160E+00,1.764128E-02
5.0500E-08,0.000000E+00,2.159160E+00,1.984644E-02
5.1000E-08,0.000000E+00,2.245526E+00,1.984644E-02
5.1500E-08,-8.547080E-02,2.245526E+00,1.764128E-02
5.2000E-08,-8.547080E-02,2.245526E+00,1.764128E-02
5.2500E-08,0.000000E+00,2.159160E+00,1.984644E-02
5.3000E-08,0.000000E+00,2.159160E+00,1.984644E-02
5.3500E-08,8.547080E-02,2.159160E+00,1.764128E-02
5.4000E-08,8.547080E-02,2.159160E+00,1.984644E-02
5.4500E-08,0.000000E+00,2.159160E+00,2.205160E-02
5.5000E-08,0.000000E+00,2.159160E+00,2.425676E-02
5.5500E-08,0.000000E+00,2.245526E+00,2.425676E-02
5.6000E-08,0.000000E+00,2.245526E+00,1.984644E-02
5.6500E-08,0.000000E+00,2.159160E+00,2.205160E-02
5.7000E-08,0.000000E+00,2.159160E+00,1.984644E-02
5.7500E-08,0.000000E+00,2.159160E+00,2.205160E-02
5.8000E-08,0.000000E+00,2.159160E+00,2.205160E-02
5.8500E-08,0.000000E+00,2.159160E+00,2.205160E-02
5.9000E-08,-8.547080E-02,2.245526E+00,2.205160E-02
5.9500E-08,-8.547080E-02,2.245526E+00,2.425676E-02
6.0000E-08,-8.547080E-02,2.245526E+00,2.205160E-02
6.0500E-08,-8.547080E-02,2.159160E+00,2.425676E-02
6.1000E-08,-8.547080E-02,2.245526E+00,2.425676E-02
6.1500E-08,-8.547080E-02,2.245526E+00,2.425676E-02
6.2000E-08,0.000000E+00,2.245526E+00,2.425676E-02
6.2500E-08,0.000000E+00,2.245526E+00,2.646192E-02
6.3000E-08,8.547080E-02,2.159160E+00,2.425676E-02
6.3500E-08,8.547080E-02,2.159160E+00,2.866708E-02
6.4000E-08,0.000000E+00,2.159160E+00,2.646192E-02
6.4500E-08,0.000000E+00,2.245526E+00,1.984644E-02
6.5000E-08,-8.547080E-02,2.159160E+00,2.425676E-02
6.5500E-08,-8.547080E-02,2.159160E+00,2.425676E-02
6.6000E-08,0.000000E+00,2.245526E+00,2.646192E-02
6.6500E-08,0.000000E+00,2.245526E+00,2.646192E-02
6.7000E-08,0.000000E+00,2.245526E+00,2.646192E-02
6.7500E-08,0.000000E+00,2.245526E+00,2.646192E-02
6.8000E-08,-8.547080E-02,2.245526E+00,2.646192E-02
6.8500E-08,-8.547080E-02,2.245526E+00,2.425676E-02
6.9000E-08,0.000000E+00,2.245526E+00,2.425676E-02
6.9500E-08,0.000000E+00,2.159160E+00,2.646192E-02
7.0000E-08,0.000000E+00,2.159160E+00,2.646192E-02
7.0500E-08,0.000000E+00,2.159160E+00,2.425676E-02
7.1000E-08,0.000000E+00,2.159160E+00,2.205160E-02
7.1500E-08,0.000000E+00,2.159160E+00,2.425676E-02
7.2000E-08,0.000000E+00,2.159160E+00,2.425676E-02
7.2500E-08,0.000000E+00,2.245526E+00,2.425676E-02
7.3000E-08,0.000000E+00,2.245526E+00,2.425676E-02
7.3500E-08,-8.547080E-02,2.245526E+00,2.425676E-02
7.4000E-08,-8.547080E-02,2.159160E+00,2.425676E-02
7.4500E-08,8.547080E-02,2.245526E+00,2.646192E-02
7.5000E-08,8.547080E-02,2.245526E+00,2.646192E-02
7.5500E-08,0.000000E+00,2.245526E+00,2.205160E-02
7.6000E-08,8.547080E-02,2.245526E+00,2.425676E-02
7.6500E-08,8.547080E-02,2.159160E+00,2.646192E-02
7.7000E-08,0.000000E+00,2.245526E+00,2.425676E-02
7.7500E-08,-8.547080E-02,2.331892E+00,2.425676E-02
7.8000E-08,0.000000E+00,2.245526E+00,2.425676E-02
7.8500E-08,0.000000E+00,2.245526E+00,2.425676E-02
7.9000E-08,0.000000E+00,2.245526E+00,2.646192E-02
7.9500E-08,0.000000E+00,2.331892E+00,1.984644E-02
8.0000E-08,0.000000E+00,2.331892E+00,2.205160E-02
8.0500E-08,0.000000E+00,2.245526E+00,2.425676E-02
8.1000E-08,0.000000E+00,2.245526E+00,2.205160E-02
8.1500E-08,8.547080E-02,2.159160E+00,1.984644E-02
8.2000E-08,8.547080E-02,2.159160E+00,2.205160E-02
8.2500E-08,0.000000E+00,2.159160E+00,2.205160E-02
8.3000E-08,-8.547080E-02,2.245526E+00,1.764128E-02
8.3500E-08,0.000000E+00,2.245526E+00,1.984644E-02
8.4000E-08,0.000000E+00,2.245526E+00,2.205160E-02
8.4500E-08,-8.547080E-02,2.245526E+00,2.205160E-02
8.5000E-08,-8.547080E-02,2.159160E+00,2.205160E-02
8.5500E-08,0.000000E+00,2.245526E+00,1.764128E-02
8.6000E-08,0.000000E+00,2.331892E+00,1.984644E-02
8.6500E-08,0.000000E+00,2.245526E+00,2.205160E-02
8.7000E-08,-8.547080E-02,2.245526E+00,2.425676E-02
8.7500E-08,0.000000E+00,2.245526E+00,2.205160E-02
8.8000E-08,-8.547080E-02,2.245526E+00,1.984644E-02
8.8500E-08,-8.547080E-02,2.245526E+00,2.205160E-02
8.9000E-08,0.000000E+00,2.245526E+00,1.984644E-02
8.9500E-08,-8.547080E-02,2.159160E+00,1.764128E-02
9.0000E-08,-8.547080E-02,2.245526E+00,1.984644E-02
9.0500E-08,-8.547080E-02,2.245526E+00,1.764128E-02
9.1000E-08,-8.547080E-02,2.245526E+00,1.764128E-02
9.1500E-08,-8.547080E-02,2.245526E+00,1.764128E-02
9.2000E-08,-8.547080E-02,2.245526E+00,1.984644E-02
9.2500E-08,-8.547080E-02,2.245526E+00,1.764128E-02
9.3000E-08,-8.547080E-02,2.245526E+00,1.984644E-02
9.3500E-08,0.000000E+00,2.331892E+00,1.984644E-02
9.4000E-08,8.547080E-02,2.245526E+00,1.984644E-02
9.4500E-08,0.000000E+00,2.245526E+00,1.764128E-02
9.5000E-08,0.000000E+00,2.245526E+00,1.984644E-02
9.5500E-08,0.000000E+00,2.245526E+00,1.984644E-02
9.6000E-08,0.000000E+00,2.245526E+00,1.984644E-02
9.6500E-08,0.000000E+00,2.159160E+00,1.764128E-02
9.7000E-08,0.000000E+00,2.072793E+00,1.764128E-02
9.7500E-08,8.547080E-02,2.072793E+00,1.764128E-02
9.8000E-08,0.000000E+00,1.900061E+00,1.984644E-02
9.8500E-08,-8.547080E-02,1.640961E+00,1.764128E-02
9.9000E-08,8.547080E-02,1.468229E+00,1.764128E-02
9.9500E-08,8.547080E-02,1.295496E+00,1.543612E-02
1.0000E-07,0.000000E+00,1.122763E+00,1.323096E-02
1.0050E-07,0.000000E+00,9.500303E-01,1.543612E-02
1.0100E-07,0.000000E+00,7.772976E-01,1.543612E-02
1.0150E-07,-8.547080E-02,6.909311E-01,1.323096E-02
1.0200E-07,-8.547080E-02,6.045647E-01,1.323096E-02
1.0250E-07,-8.547080E-02,6.045647E-01,1.543612E-02
1.0300E-07,-8.547080E-02,6.045647E-01,1.102580E-02
1.0350E-07,-8.547080E-02,4.318320E-01,1.323096E-02
1.0400E-07,0.000000E+00,4.318320E-01,1.102580E-02
1.0450E-07,0.000000E+00,5.181984E-01,1.543612E-02
1.0500E-07,-8.547080E-02,4.318320E-01,1.323096E-02
1.0550E-07,0.000000E+00,3.454656E-01,1.102580E-02
1.0600E-07,0.000000E+00,2.590992E-01,8.820640E-03
1.0650E-07,0.000000E+00,1.727328E-01,1.102580E-02
1.0700E-07,0.000000E+00,8.636639E-02,1.102580E-02
1.0750E-07,0.000000E+00,8.636639E-02,1.323096E-02
1.0800E-07,0.000000E+00,1.727328E-01,1.102580E-02
1.0850E-07,0.000000E+00,2.590992E-01,1.102580E-02
1.0900E-07,0.000000E+00,1.727328E-01,8.820640E-03
1.0950E-07,-8.547080E-02,1.727328E-01,1.102580E-02
1.1000E-07,-8.547080E-02,2.590992E-01,1.323096E-02
1.1050E-07,-8.547080E-02,3.454656E-01,1.323096E-02
1.1100E-07,0.000000E+00,3.454656E-01,1.102580E-02
1.1150E-07,0.000000E+00,3.454656E-01,1.102580E-02
1.1200E-07,0.000000E+00,4.318320E-01,1.323096E-02
1.1250E-07,0.000000E+00,3.454656E-01,1.102580E-02
1.1300E-07,-8.547080E-02,3.454656E-01,6.615480E-03
1.1350E-07,-8.547080E-02,2.590992E-01,8.820640E-03
1.1400E-07,0.000000E+00,2.590992E-01,8.820640E-03
1.1450E-07,0.000000E+00,3.454656E-01,1.102580E-02
1.1500E-07,-8.547080E-02,3.454656E-01,1.102580E-02
1.1550E-07,0.000000E+00,2.590992E-01,6.615480E-03
1.1600E-07,0.000000E+00,1.727328E-01,6.615480E-03
1.1650E-07,0.000000E+00,1.727328E-01,8.820640E-03
1.1700E-07,0.000000E+00,1.727328E-01,6.615480E-03
1.1750E-07,0.000000E+00,1.727328E-01,6.615480E-03
1.1800E-07,-8.547080E-02,2.590992E-01,6.615480E-03
1.1850E-07,-1.709416E-01,1.727328E-01,6.615480E-03
1.1900E-07,-8.547080E-02,8.636639E-02,4.410320E-03
1.1950E-07,0.000000E+00,8.636639E-02,6.615480E-03
1.2000E-07,0.000000E+00,1.727328E-01,2.205160E-03
1.2050E-07,0.000000E+00,1.727328E-01,4.410320E-03
1.2100E-07,0.000000E+00,1.727328E-01,6.615480E-03
1.2150E-07,0.000000E+00,1.727328E-01,2.205160E-03
1.2200E-07,0.000000E+00,2.590992E-01,2.205160E-03
1.2250E-07,8.547080E-02,2.590992E-01,2.205160E-03
1.2300E-07,8.547080E-02,1.727328E-01,0.000000E+00
1.2350E-07,-8.547080E-02,1.727328E-01,2.205160E-03
1.2400E-07,-8.547080E-02,1.727328E-01,2.205160E-03
1.2450E-07,0.000000E+00,8.636639E-02,0.000000E+00
1.2500E-07,0.000000E+00,8.636639E-02,0.000000E+00
1.2550E-07,0.000000E+00,1.727328E-01,4.410320E-03
1.2600E-07,0.000000E+00,1.727328E-01,2.205160E-03
1.2650E-07,0.000000E+00,2.590992E-01,4.410320E-03
1.2700E-07,0.000000E+00,2.590992E-01,2.205160E-03
1.2750E-07,0.000000E+00,1.727328E-01,0.000000E+00
1.2800E-07,-8.547080E-02,1.727328E-01,0.000000E+00
1.2850E-07,0.000000E+00,1.727328E-01,-2.205160E-03
1.2900E-07,8.547080E-02,8.636639E-02,-2.205160E-03
1.2950E-07,8.547080E-02,8.636639E-02,-2.205160E-03
1.3000E-07,0.000000E+00,8.636639E-02,0.000000E+00
1.3050E-07,0.000000E+00,1.727328E-01,0.000000E+00
1.3100E-07,-8.547080E-02,1.727328E-01,-4.410320E-03
1.3150E-07,0.000000E+00,1.727328E-01,-2.205160E-03
1.3200E-07,0.000000E+00,8.636639E-02,-2.205160E-03
1.3250E-07,-8.547080E-02,8.636639E-02,-4.410320E-03
1.3300E-07,0.000000E+00,8.636639E-02,-2.205160E-03
1.3350E-07,0.000000E+00,1.727328E-01,-4.410320E-03
1.3400E-07,-8.547080E-02,1.727328E-01,-4.410320E-03
1.3450E-07,-8.547080E-02,1.727328E-01,-4.410320E-03
1.3500E-07,0.000000E+00,8.636639E-02,-6.615480E-03
1.3550E-07,0.000000E+00,8.636639E-02,-4.410320E-03
1.3600E-07,0.000000E+00,8.636639E-02,-2.205160E-03
1.3650E-07,0.000000E+00,8.636639E-02,-4.410320E-03
1.3700E-07,0.000000E+00,8.636639E-02,-6.615480E-03
1.3750E-07,0.000000E+00,8.636639E-02,-6.615480E-03
1.3800E-07,0.000000E+00,8.636639E-02,-4.410320E-03
1.3850E-07,0.000000E+00,8.636639E-02,-4.410320E-03
1.3900E-07,-8.547080E-02,8.636639E-02,-4.410320E-03
1.3950E-07,-8.547080E-02,8.636639E-02,-6.615480E-03
1.4000E-07,-8.547080E-02,8.636639E-02,-2.205160E-03
1.4050E-07,-8.547080E-02,8.636639E-02,-4.410320E-03
1.4100E-07,0.000000E+00,0.000000E+00,-6.615480E-03
1.4150E-07,-8.547080E-02,8.636639E-02,-4.410320E-03
1.4200E-07,-8.547080E-02,1.727328E-01,-6.615480E-03
1.4250E-07,0.000000E+00,1.727328E-01,-6.615480E-03
1.4300E-07,0.000000E+00,1.727328E-01,-6.615480E-03
1.4350E-07,0.000000E+00,8.636639E-02,-6.615480E-03
1.4400E-07,0.000000E+00,8.636639E-02,-6.615480E-03
1.4450E-07,0.000000E+00,8.636639E-02,-8.820640E-03
1.4500E-07,-8.547080E-02,8.636639E-02,-2.205160E-03
1.4550E-07,-8.547080E-02,8.636639E-02,-4.410320E-03
1.4600E-07,-8.547080E-02,1.727328E-01,-2.205160E-03
1.4650E-07,-8.547080E-02,2.590992E-01,-2.205160E-03
1.4700E-07,0.000000E+00,1.727328E-01,0.000000E+00
1.4750E-07,0.000000E+00,8.636639E-02,-2.205160E-03
1.4800E-07,0.000000E+00,1.727328E-01,0.000000E+00
1.4850E-07,0.000000E+00,1.727328E-01,-2.205160E-03
1.4900E-07,8.547080E-02,8.636639E-02,-2.205160E-03
1.4950E-07,8.547080E-02,1.727328E-01,0.000000E+00
1.5000E-07,0.000000E+00,1.727328E-01,-2.205160E-03
1.5050E-07,0.000000E+00,8.636639E-02,-2.205160E-03
1.5100E-07,0.000000E+00,8.636639E-02,0.000000E+00
1.5150E-07,8.547080E-02,8.636639E-02,0.000000E+00
1.5200E-07,8.547080E-02,8.636639E-02,-2.205160E-03
1.5250E-07,0.000000E+00,8.636639E-02,0.000000E+00
1.5300E-07,0.000000E+00,8.636639E-02,0.000000E+00
1.5350E-07,8.547080E-02,8.636639E-02,-2.205160E-03
1.5400E-07,8.547080E-02,8.636639E-02,-2.205160E-03
1.5450E-07,0.000000E+00,8.636639E-02,0.000000E+00
1.5500E-07,0.000000E+00,8.636639E-02,-2.205160E-03
1.5550E-07,8.547080E-02,8.636639E-02,-2.205160E-03
1.5600E-07,0.000000E+00,8.636639E-02,0.000000E+00
1.5650E-07,-8.547080E-02,1.727328E-01,-2.205160E-03
1.5700E-07,-8.547080E-02,1.727328E-01,-2.205160E-03
1.5750E-07,-8.547080E-02,8.636639E-02,-2.205160E-03
1.5800E-07,-8.547080E-02,8.636639E-02,-2.205160E-03
1.5850E-07,-8.547080E-02,8.636639E-02,-2.205160E-03
1.5900E-07,0.000000E+00,8.636639E-02,-2.205160E-03
1.5950E-07,8.547080E-02,8.636639E-02,-2.205160E-03
1.6000E-07,0.000000E+00,1.727328E-01,-2.205160E-03
1.6050E-07,0.000000E+00,8.636639E-02,-2.205160E-03
1.6100E-07,0.000000E+00,8.636639E-02,-4.410320E-03
1.6150E-07,0.000000E+00,8.636639E-02,-6.615480E-03
1.6200E-07,0.000000E+00,0.000000E+00,-6.615480E-03
1.6250E-07,0.000000E+00,8.636639E-02,-4.410320E-03
1.6300E-07,0.000000E+00,8.636639E-02,-2.205160E-03
1.6350E-07,0.000000E+00,8.636639E-02,-4.410320E-03
1.6400E-07,0.000000E+00,8.636639E-02,-4.410320E-03
1.6450E-07,0.000000E+00,8.636639E-02,-2.205160E-03
1.6500E-07,0.000000E+00,8.636639E-02,-4.410320E-03
1.6550E-07,0.000000E+00,8.636639E-02,-4.410320E-03
1.6600E-07,0.000000E+00,8.636639E-02,-2.205160E-03
1.6650E-07,8.547080E-02,1.727328E-01,-2.205160E-03
1.6700E-07,8.547080E-02,1.727328E-01,-2.205160E-03
1.6750E-07,8.547080E-02,8.636639E-02,0.000000E+00
1.6800E-07,8.547080E-02,8.636639E-02,-2.205160E-03
1.6850E-07,8.547080E-02,8.636639E-02,-2.205160E-03
1.6900E-07,0.000000E+00,1.727328E-01,0.000000E+00
1.6950E-07,0.000000E+00,1.727328E-01,0.000000E+00
1.7000E-07,0.000000E+00,8.636639E-02,-2.205160E-03
1.7050E-07,0.000000E+00,8.636639E-02,0.000000E+00
1.7100E-07,0.000000E+00,8.636639E-02,-2.205160E-03
1.7150E-07,0.000000E+00,0.000000E+00,0.000000E+00
1.7200E-07,0.000000E+00,8.636639E-02,2.205160E-03
1.7250E-07,0.000000E+00,8.636639E-02,2.205160E-03
1.7300E-07,0.000000E+00,1.727328E-01,2.205160E-03
1.7350E-07,-8.547080E-02,1.727328E-01,4.410320E-03
1.7400E-07,0.000000E+00,8.636639E-02,2.205160E-03
1.7450E-07,0.000000E+00,8.636639E-02,2.205160E-03
1.7500E-07,-8.547080E-02,8.636639E-02,2.205160E-03
1.7550E-07,-8.547080E-02,8.636639E-02,2.205160E-03
1.7600E-07,0.000000E+00,1.727328E-01,-2.205160E-03
1.7650E-07,0.000000E+00,8.636639E-02,2.205160E-03
1.7700E-07,0.000000E+00,8.636639E-02,0.000000E+00
1.7750E-07,0.000000E+00,8.636639E-02,2.205160E-03
1.7800E-07,0.000000E+00,8.636639E-02,2.205160E-03
1.7850E-07,0.000000E+00,8.636639E-02,0.000000E+00
1.7900E-07,0.000000E+00,8.636639E-02,2.205160E-03
1.7950E-07,-8.547080E-02,8.636639E-02,4.410320E-03
1.8000E-07,-8.547080E-02,8.636639E-02,4.410320E-03
1.8050E-07,0.000000E+00,8.636639E-02,4.410320E-03
1.8100E-07,0.000000E+00,0.000000E+00,2.205160E-03
1.8150E-07,0.000000E+00,0.000000E+00,2.205160E-03
1.8200E-07,0.000000E+00,8.636639E-02,4.410320E-03
1.8250E-07,-8.547080E-02,8.636639E-02,0.000000E+00
1.8300E-07,-8.547080E-02,0.000000E+00,0.000000E+00
1.8350E-07,0.000000E+00,8.636639E-02,2.205160E-03
1.8400E-07,-8.547080E-02,8.636639E-02,0.000000E+00
1.8450E-07,-8.547080E-02,0.000000E+00,0.000000E+00
1.8500E-07,-8.547080E-02,0.000000E+00,0.000000E+00
1.8550E-07,-8.547080E-02,8.636639E-02,2.205160E-03
1.8600E-07,0.000000E+00,1.727328E-01,-2.205160E-03
1.8650E-07,8.547080E-02,8.636639E-02,2.205160E-03
1.8700E-07,8.547080E-02,8.636639E-02,0.000000E+00
1.8750E-07,0.000000E+00,1.727328E-01,0.000000E+00
1.8800E-07,0.000000E+00,1.727328E-01,0.000000E+00
1.8850E-07,-8.547080E-02,8.636639E-02,4.410320E-03
1.8900E-07,-8.547080E-02,8.636639E-02,-2.205160E-03
1.8950E-07,0.000000E+00,1.727328E-01,0.000000E+00
1.9000E-07,-8.547080E-02,1.727328E-01,2.205160E-03
1.9050E-07,-1.709416E-01,1.727328E-01,-2.205160E-03
1.9100E-07,-8.547080E-02,1.727328E-01,0.000000E+00
1.9150E-07,0.000000E+00,8.636639E-02,0.000000E+00
1.9200E-07,8.547080E-02,8.636639E-02,0.000000E+00
1.9250E-07,8.547080E-02,8.636639E-02,2.205160E-03
1.9300E-07,-8.547080E-02,0.000000E+00,2.205160E-03
1.9350E-07,-8.547080E-02,8.636639E-02,0.000000E+00
1.9400E-07,-8.547080E-02,8.636639E-02,0.000000E+00
1.9450E-07,-1.709416E-01,1.727328E-01,0.000000E+00
1.9500E-07,-8.547080E-02,8.636639E-02,0.000000E+00
1.9550E-07,0.000000E+00,8.636639E-02,0.000000E+00
1.9600E-07,-8.547080E-02,1.727328E-01,0.000000E+00
1.9650E-07,-8.547080E-02,1.727328E-01,0.000000E+00
1.9700E-07,-8.547080E-02,8.636639E-02,2.205160E-03
1.9750E-07,-8.547080E-02,0.000000E+00,0.000000E+00
1.9800E-07,-8.547080E-02,0.000000E+00,0.000000E+00
1.9850E-07,-8.547080E-02,0.000000E+00,0.000000E+00
1.9900E-07,-8.547080E-02,8.636639E-02,0.000000E+00
1.9950E-07,0.000000E+00,8.636639E-02,-2.205160E-03
2.0000E-07,0.000000E+00,0.000000E+00,0.000000E+00
2.0050E-07,0.000000E+00,0.000000E+00,0.000000E+00
2.0100E-07,-8.547080E-02,8.636639E-02,-2.205160E-03
2.0150E-07,-8.547080E-02,1.727328E-01,-2.205160E-03
2.0200E-07,0.000000E+00,1.727328E-01,0.000000E+00
2.0250E-07,0.000000E+00,1.727328E-01,2.205160E-03
2.0300E-07,-8.547080E-02,1.727328E-01,0.000000E+00
2.0350E-07,-8.547080E-02,1.727328E-01,2.205160E-03
2.0400E-07,-8.547080E-02,8.636639E-02,0.000000E+00
2.0450E-07,0.000000E+00,8.636639E-02,0.000000E+00
2.0500E-07,0.000000E+00,8.636639E-02,0.000000E+00
2.0550E-07,0.000000E+00,8.636639E-02,-2.205160E-03
2.0600E-07,0.000000E+00,8.636639E-02,-2.205160E-03
2.0650E-07,0.000000E+00,8.636639E-02,-2.205160E-03
2.0700E-07,-8.547080E-02,8.636639E-02,0.000000E+00
2.0750E-07,-8.547080E-02,8.636639E-02,0.000000E+00
2.0800E-07,-8.547080E-02,0.000000E+00,-2.205160E-03
2.0850E-07,0.000000E+00,0.000000E+00,0.000000E+00
2.0900E-07,8.547080E-02,8.636639E-02,2.205160E-03
2.0950E-07,0.000000E+00,8.636639E-02,-2.205160E-03
2.1000E-07,-8.547080E-02,0.000000E+00,0.000000E+00
2.1050E-07,0.000000E+00,0.000000E+00,0.000000E+00
2.1100E-07,0.000000E+00,0.000000E+00,-4.410320E-03
2.1150E-07,0.000000E+00,8.636639E-02,0.000000E+00
2.1200E-07,0.000000E+00,8.636639E-02,2.205160E-03
2.1250E-07,0.000000E+00,8.636639E-02,0.000000E+00
2.1300E-07,0.000000E+00,1.727328E-01,2.205160E-03
2.1350E-07,-8.547080E-02,1.727328E-01,0.000000E+00
2.1400E-07,-8.547080E-02,8.636639E-02,0.000000E+00
2.1450E-07,-8.547080E-02,8.636639E-02,-4.410320E-03
2.1500E-07,0.000000E+00,8.636639E-02,-2.205160E-03
2.1550E-07,0.000000E+00,8.636639E-02,-2.205160E-03
2.1600E-07,0.000000E+00,8.636639E-02,-2.205160E-03
2.1650E-07,0.000000E+00,8.636639E-02,-2.205160E-03
2.1700E-07,0.000000E+00,8.636639E-02,-2.205160E-03
2.1750E-07,0.000000E+00,8.636639E-02,-4.410320E-03
2.1800E-07,0.000000E+00,8.636639E-02,-2.205160E-03
2.1850E-07,0.000000E+00,8.636639E-02,-2.205160E-03
2.1900E-07,0.000000E+00,1.727328E-01,-2.205160E-03
2.1950E-07,0.000000E+00,8.636639E-02,-2.205160E-03
2.2000E-07,0.000000E+00,8.636639E-02,-4.410320E-03
2.2050E-07,0.000000E+00,8.636639E-02,-4.410320E-03
2.2100E-07,8.547080E-02,8.636639E-02,-2.205160E-03
2.2150E-07,8.547080E-02,0.000000E+00,-2.205160E-03
2.2200E-07,0.000000E+00,0.000000E+00,-2.205160E-03
2.2250E-07,0.000000E+00,8.636639E-02,-4.410320E-03
2.2300E-07,8.547080E-02,8.636639E-02,-6.615480E-03
2.2350E-07,0.000000E+00,1.727328E-01,-4.410320E-03
2.2400E-07,0.000000E+00,1.727328E-01,-4.410320E-03
2.2450E-07,0.000000E+00,8.636639E-02,-2.205160E-03
2.2500E-07,0.000000E+00,8.636639E-02,-2.205160E-03
2.2550E-07,-8.547080E-02,8.636639E-02,-2.205160E-03
2.2600E-07,-8.547080E-02,0.000000E+00,-4.410320E-03
2.2650E-07,0.000000E+00,0.000000E+00,-4.410320E-03
2.2700E-07,8.547080E-02,0.000000E+00,-2.205160E-03
2.2750E-07,8.547080E-02,8.636639E-02,-4.410320E-03
2.2800E-07,0.000000E+00,1.727328E-01,-4.410320E-03
2.2850E-07,-8.547080E-02,1.727328E-01,-4.410320E-03
2.2900E-07,0.000000E+00,8.636639E-02,-4.410320E-03
2.2950E-07,0.000000E+00,8.636639E-02,-2.205160E-03
2.3000E-07,-8.547080E-02,8.636639E-02,-2.205160E-03
2.3050E-07,0.000000E+00,8.636639E-02,-2.205160E-03
2.3100E-07,0.000000E+00,8.636639E-02,-2.205160E-03
2.3150E-07,0.000000E+00,8.636639E-02,-4.410320E-03
2.3200E-07,0.000000E+00,0.000000E+00,-2.205160E-03
2.3250E-07,0.000000E+00,0.000000E+00,-2.205160E-03
2.3300E-07,0.000000E+00,0.000000E+00,-2.205160E-03
2.3350E-07,-8.547080E-02,0.000000E+00,-4.410320E-03
2.3400E-07,-8.547080E-02,0.000000E+00,-4.410320E-03
2.3450E-07,0.000000E+00,8.636639E-02,-2.205160E-03
2.3500E-07,0.000000E+00,8.636639E-02,-4.410320E-03
2.3550E-07,0.000000E+00,8.636639E-02,-2.205160E-03
2.3600E-07,0.000000E+00,8.636639E-02,-6.615480E-03
2.3650E-07,0.000000E+00,1.727328E-01,-6.615480E-03
2.3700E-07,8.547080E-02,8.636639E-02,-8.820640E-03
2.3750E-07,8.547080E-02,0.000000E+00,-8.820640E-03
2.3800E-07,0.000000E+00,8.636639E-02,-6.615480E-03
2.3850E-07,0.000000E+00,8.636639E-02,-8.820640E-03
2.3900E-07,0.000000E+00,8.636639E-02,-6.615480E-03
2.3950E-07,0.000000E+00,0.000000E+00,-6.615480E-03
2.4000E-07,8.547080E-02,8.636639E-02,-4.410320E-03
2.4050E-07,8.547080E-02,1.727328E-01,-6.615480E-03
2.4100E-07,8.547080E-02,1.727328E-01,-2.205160E-03
2.4150E-07,0.000000E+00,8.636639E-02,-6.615480E-03
2.4200E-07,-8.547080E-02,0.000000E+00,-4.410320E-03
2.4250E-07,-8.547080E-02,0.000000E+00,-4.410320E-03
2.4300E-07,-8.547080E-02,0.000000E+00,-2.205160E-03
2.4350E-07,-8.547080E-02,8.636639E-02,-4.410320E-03
2.4400E-07,-8.547080E-02,8.636639E-02,-4.410320E-03
2.4450E-07,-8.547080E-02,8.636639E-02,-4.410320E-03
2.4500E-07,-8.547080E-02,8.636639E-02,-4.410320E-03
2.4550E-07,0.000000E+00,8.636639E-02,-4.410320E-03
2.4600E-07,0.000000E+00,8.636639E-02,-4.410320E-03
2.4650E-07,0.000000E+00,0.000000E+00,-2.205160E-03
2.4700E-07,-1.709416E-01,0.000000E+00,-2.205160E-03
2.4750E-07,-1.709416E-01,8.636639E-02,-2.205160E-03
2.4800E-07,-8.547080E-02,8.636639E-02,-4.410320E-03
2.4850E-07,0.000000E+00,8.636639E-02,-2.205160E-03
2.4900E-07,0.000000E+00,1.727328E-01,-2.205160E-03
2.4950E-07,0.000000E+00,1.727328E-01,-2.205160E-03
2.5000E-07,0.000000E+00,8.636639E-02,-2.205160E-03
2.5050E-07,0.000000E+00,8.636639E-02,-2.205160E-03
2.5100E-07,0.000000E+00,8.636639E-02,-2.205160E-03
2.5150E-07,0.000000E+00,1.727328E-01,-4.410320E-03
2.5200E-07,0.000000E+00,1.727328E-01,-2.205160E-03
2.5250E-07,0.000000E+00,8.636639E-02,-2.205160E-03
2.5300E-07,0.000000E+00,8.636639E-02,-2.205160E-03
2.5350E-07,-8.547080E-02,0.000000E+00,-2.205160E-03
2.5400E-07,0.000000E+00,8.636639E-02,-2.205160E-03
2.5450E-07,0.000000E+00,8.636639E-02,-2.205160E-03
2.5500E-07,-8.547080E-02,8.636639E-02,0.000000E+00
2.5550E-07,-8.547080E-02,0.000000E+00,0.000000E+00
2.5600E-07,0.000000E+00,8.636639E-02,-2.205160E-03
2.5650E-07,0.000000E+00,8.636639E-02,0.000000E+00
2.5700E-07,0.000000E+00,1.727328E-01,-6.615480E-03
2.5750E-07,0.000000E+00,8.636639E-02,-4.410320E-03
2.5800E-07,0.000000E+00,8.636639E-02,-4.410320E-03
2.5850E-07,0.000000E+00,1.727328E-01,-2.205160E-03
2.5900E-07,0.000000E+00,1.727328E-01,-2.205160E-03
2.5950E-07,-8.547080E-02,8.636639E-02,-2.205160E-03
2.6000E-07,-8.547080E-02,8.636639E-02,-2.205160E-03
2.6050E-07,-8.547080E-02,0.000000E+00,-2.205160E-03
2.6100E-07,0.000000E+00,0.000000E+00,-2.205160E-03
2.6150E-07,0.000000E+00,8.636639E-02,-2.205160E-03
2.6200E-07,0.000000E+00,1.727328E-01,0.000000E+00
2.6250E-07,-8.547080E-02,8.636639E-02,-4.410320E-03
2.6300E-07,-8.547080E-02,8.636639E-02,0.000000E+00
2.6350E-07,0.000000E+00,8.636639E-02,-2.205160E-03
2.6400E-07,0.000000E+00,8.636639E-02,-2.205160E-03
2.6450E-07,-8.547080E-02,8.636639E-02,0.000000E+00
2.6500E-07,-8.547080E-02,8.636639E-02,-2.205160E-03
2.6550E-07,0.000000E+00,8.636639E-02,0.000000E+00
2.6600E-07,0.000000E+00,0.000000E+00,-2.205160E-03
2.6650E-07,0.000000E+00,8.636639E-02,-2.205160E-03
2.6700E-07,0.000000E+00,8.636639E-02,-2.205160E-03
2.6750E-07,0.000000E+00,1.727328E-01,-2.205160E-03
2.6800E-07,0.000000E+00,1.727328E-01,-2.205160E-03
2.6850E-07,0.000000E+00,8.636639E-02,0.000000E+00
2.6900E-07,0.000000E+00,8.636639E-02,-2.205160E-03
2.6950E-07,0.000000E+00,0.000000E+00,-4.410320E-03
2.7000E-07,0.000000E+00,8.636639E-02,-2.205160E-03
2.7050E-07,0.000000E+00,1.727328E-01,0.000000E+00
2.7100E-07,0.000000E+00,8.636639E-02,0.000000E+00
2.7150E-07,-8.547080E-02,1.727328E-01,-2.205160E-03
2.7200E-07,0.000000E+00,1.727328E-01,-2.205160E-03
2.7250E-07,0.000000E+00,8.636639E-02,-2.205160E-03
2.7300E-07,0.000000E+00,8.636639E-02,0.000000E+00
2.7350E-07,0.000000E+00,8.636639E-02,-2.205160E-03
2.7400E-07,0.000000E+00,0.000000E+00,0.000000E+00
2.7450E-07,0.000000E+00,0.000000E+00,0.000000E+00
2.7500E-07,8.547080E-02,8.636639E-02,0.000000E+00
2.7550E-07,0.000000E+00,1.727328E-01,0.000000E+00
2.7600E-07,0.000000E+00,8.636639E-02,2.205160E-03
2.7650E-07,8.547080E-02,8.636639E-02,2.205160E-03
2.7700E-07,8.547080E-02,8.636639E-02,0.000000E+00
2.7750E-07,0.000000E+00,8.636639E-02,0.000000E+00
2.7800E-07,0.000000E+00,8.636639E-02,0.000000E+00
2.7850E-07,0.000000E+00,8.636639E-02,-2.205160E-03
2.7900E-07,0.000000E+00,8.636639E-02,0.000000E+00
2.7950E-07,0.000000E+00,0.000000E+00,-2.205160E-03
2.8000E-07,0.000000E+00,0.000000E+00,2.205160E-03
2.8050E-07,0.000000E+00,0.000000E+00,2.205160E-03
2.8100E-07,0.000000E+00,0.000000E+00,4.410320E-03
2.8150E-07,-8.547080E-02,8.636639E-02,0.000000E+00
2.8200E-07,-8.547080E-02,8.636639E-02,2.205160E-03
2.8250E-07,0.000000E+00,8.636639E-02,2.205160E-03
2.8300E-07,0.000000E+00,8.636639E-02,-2.205160E-03
2.8350E-07,0.000000E+00,0.000000E+00,-2.205160E-03
2.8400E-07,0.000000E+00,0.000000E+00,-2.205160E-03
2.8450E-07,0.000000E+00,8.636639E-02,-2.205160E-03
2.8500E-07,0.000000E+00,8.636639E-02,-2.205160E-03
2.8550E-07,0.000000E+00,0.000000E+00,-2.205160E-03
2.8600E-07,0.000000E+00,8.636639E-02,-2.205160E-03
2.8650E-07,0.000000E+00,1.727328E-01,-2.205160E-03
2.8700E-07,0.000000E+00,8.636639E-02,0.000000E+00
2.8750E-07,0.000000E+00,8.636639E-02,-2.205160E-03
2.8800E-07,-8.547080E-02,8.636639E-02,-4.410320E-03
2.8850E-07,0.000000E+00,8.636639E-02,-2.205160E-03
2.8900E-07,8.547080E-02,8.636639E-02,-2.205160E-03
2.8950E-07,0.000000E+00,0.000000E+00,-2.205160E-03
2.9000E-07,8.547080E-02,8.636639E-02,-2.205160E-03
2.9050E-07,1.709416E-01,8.636639E-02,2.205160E-03
2.9100E-07,8.547080E-02,8.636639E-02,-2.205160E-03
2.9150E-07,8.547080E-02,8.636639E-02,0.000000E+00
2.9200E-07,0.000000E+00,8.636639E-02,-2.205160E-03
2.9250E-07,-8.547080E-02,8.636639E-02,0.000000E+00
2.9300E-07,0.000000E+00,8.636639E-02,-2.205160E-03
2.9350E-07,0.000000E+00,1.727328E-01,-2.205160E-03
2.9400E-07,0.000000E+00,1.727328E-01,0.000000E+00
2.9450E-07,0.000000E+00,8.636639E-02,0.000000E+00
2.9500E-07,0.000000E+00,1.727328E-01,0.000000E+00
2.9550E-07,0.000000E+00,1.727328E-01,0.000000E+00
2.9600E-07,8.547080E-02,8.636639E-02,0.000000E+00
2.9650E-07,8.547080E-02,1.727328E-01,2.205160E-03
2.9700E-07,0.000000E+00,8.636639E-02,0.000000E+00
2.9750E-07,0.000000E+00,8.636639E-02,2.205160E-03
2.9800E-07,0.000000E+00,1.727328E-01,4.410320E-03
2.9850E-07,0.000000E+00,1.727328E-01,2.205160E-03
2.9900E-07,0.000000E+00,8.636639E-02,4.410320E-03
2.9950E-07,0.000000E+00,8.636639E-02,2.205160E-03
3.0000E-07,8.547080E-02,8.636639E-02,4.410320E-03
3.0050E-07,8.547080E-02,8.636639E-02,0.000000E+00
3.0100E-07,8.547080E-02,8.636639E-02,0.000000E+00
3.0150E-07,0.000000E+00,0.000000E+00,0.000000E+00
3.0200E-07,0.000000E+00,8.636639E-02,0.000000E+00
3.0250E-07,-8.547080E-02,1.727328E-01,-2.205160E-03
3.0300E-07,-8.547080E-02,1.727328E-01,0.000000E+00
3.0350E-07,0.000000E+00,8.636639E-02,0.000000E+00
3.0400E-07,0.000000E+00,8.636639E-02,0.000000E+00
3.0450E-07,0.000000E+00,8.636639E-02,2.205160E-03
3.0500E-07,0.000000E+00,0.000000E+00,2.205160E-03
3.0550E-07,8.547080E-02,8.636639E-02,2.205160E-03
3.0600E-07,8.547080E-02,8.636639E-02,2.205160E-03
3.0650E-07,0.000000E+00,1.727328E-01,2.205160E-03
3.0700E-07,0.000000E+00,1.727328E-01,0.000000E+00
3.0750E-07,0.000000E+00,1.727328E-01,2.205160E-03
3.0800E-07,0.000000E+00,1.727328E-01,2.205160E-03
3.0850E-07,8.547080E-02,8.636639E-02,2.205160E-03
3.0900E-07,1.709416E-01,8.636639E-02,-2.205160E-03
3.0950E-07,1.709416E-01,8.636639E-02,0.000000E+00
3.1000E-07,4.273540E-01,1.727328E-01,-2.205160E-03
3.1050E-07,5.128248E-01,1.727328E-01,-2.205160E-03
3.1100E-07,5.982956E-01,1.727328E-01,-2.205160E-03
3.1150E-07,7.692372E-01,1.727328E-01,-2.205160E-03
3.1200E-07,9.401788E-01,8.636639E-02,-2.205160E-03
3.1250E-07,1.111120E+00,8.636639E-02,-2.205160E-03
3.1300E-07,1.196591E+00,8.636639E-02,-4.410320E-03
3.1350E-07,1.282062E+00,8.636639E-02,-4.410320E-03
3.1400E-07,1.453004E+00,8.636639E-02,-2.205160E-03
3.1450E-07,1.623945E+00,1.727328E-01,0.000000E+00
3.1500E-07,1.709416E+00,1.727328E-01,-2.205160E-03
3.1550E-07,1.709416E+00,1.727328E-01,-2.205160E-03
3.1600E-07,1.880358E+00,8.636639E-02,2.205160E-03
3.1650E-07,1.965828E+00,8.636639E-02,-2.205160E-03
3.1700E-07,1.965828E+00,1.727328E-01,-2.205160E-03
3.1750E-07,1.965828E+00,1.727328E-01,-2.205160E-03
3.1800E-07,1.965828E+00,8.636639E-02,0.000000E+00
3.1850E-07,2.136770E+00,0.000000E+00,-2.205160E-03
3.1900E-07,2.136770E+00,8.636639E-02,0.000000E+00
3.1950E-07,2.222241E+00,1.727328E-01,0.000000E+00
3.2000E-07,2.307712E+00,8.636639E-02,0.000000E+00
3.2050E-07,2.393183E+00,0.000000E+00,-2.205160E-03
3.2100E-07,2.393183E+00,8.636639E-02,0.000000E+00
3.2150E-07,2.393183E+00,1.727328E-01,0.000000E+00
3.2200E-07,2.393183E+00,2.590992E-01,2.205160E-03
3.2250E-07,2.393183E+00,8.636639E-02,0.000000E+00
3.2300E-07,2.393183E+00,0.000000E+00,0.000000E+00
3.2350E-07,2.478653E+00,8.636639E-02,-2.205160E-03
3.2400E-07,2.478653E+00,1.727328E-01,-2.205160E-03
3.2450E-07,2.393183E+00,8.636639E-02,0.000000E+00
3.2500E-07,2.393183E+00,1.727328E-01,0.000000E+00
3.2550E-07,2.393183E+00,1.727328E-01,2.205160E-03
3.2600E-07,2.393183E+00,8.636639E-02,-2.205160E-03
3.2650E-07,2.393183E+00,8.636639E-02,2.205160E-03
3.2700E-07,2.393183E+00,8.636639E-02,2.205160E-03
3.2750E-07,2.478653E+00,0.000000E+00,-2.205160E-03
3.2800E-07,2.478653E+00,0.000000E+00,2.205160E-03
3.2850E-07,2.478653E+00,8.636639E-02,4.410320E-03
3.2900E-07,2.478653E+00,1.727328E-01,0.000000E+00
3.2950E-07,2.564124E+00,8.636639E-02,2.205160E-03
3.3000E-07,2.735066E+00,1.727328E-01,2.205160E-03
3.3050E-07,2.735066E+00,8.636639E-02,0.000000E+00
3.3100E-07,2.735066E+00,8.636639E-02,0.000000E+00
3.3150E-07,2.735066E+00,1.727328E-01,4.410320E-03
3.3200E-07,2.735066E+00,1.727328E-01,4.410320E-03
3.3250E-07,2.649595E+00,1.727328E-01,0.000000E+00
3.3300E-07,2.649595E+00,8.636639E-02,2.205160E-03
3.3350E-07,2.649595E+00,8.636639E-02,-2.205160E-03
3.3400E-07,2.735066E+00,8.636639E-02,2.205160E-03
3.3450E-07,2.735066E+00,8.636639E-02,0.000000E+00
3.3500E-07,2.735066E+00,0.000000E+00,0.000000E+00
3.3550E-07,2.735066E+00,8.636639E-02,2.205160E-03
3.3600E-07,2.735066E+00,1.727328E-01,2.205160E-03
3.3650E-07,2.820537E+00,1.727328E-01,0.000000E+00
3.3700E-07,2.820537E+00,1.727328E-01,2.205160E-03
3.3750E-07,2.735066E+00,1.727328E-01,0.000000E+00
3.3800E-07,2.820537E+00,8.636639E-02,0.000000E+00
3.3850E-07,2.906007E+00,8.636639E-02,0.000000E+00
3.3900E-07,2.820537E+00,1.727328E-01,2.205160E-03
3.3950E-07,2.820537E+00,8.636639E-02,0.000000E+00
3.4000E-07,2.906007E+00,0.000000E+00,0.000000E+00
3.4050E-07,2.906007E+00,0.000000E+00,0.000000E+00
3.4100E-07,2.820537E+00,8.636639E-02,2.205160E-03
3.4150E-07,2.820537E+00,1.727328E-01,0.000000E+00
3.4200E-07,2.906007E+00,1.727328E-01,0.000000E+00
3.4250E-07,2.906007E+00,8.636639E-02,-2.205160E-03
3.4300E-07,2.991478E+00,8.636639E-02,0.000000E+00
3.4350E-07,2.991478E+00,8.636639E-02,-4.410320E-03
3.4400E-07,2.991478E+00,8.636639E-02,0.000000E+00
3.4450E-07,2.906007E+00,8.636639E-02,-2.205160E-03
3.4500E-07,2.906007E+00,8.636639E-02,0.000000E+00
3.4550E-07,2.906007E+00,8.636639E-02,0.000000E+00
3.4600E-07,2.906007E+00,1.727328E-01,-2.205160E-03
3.4650E-07,2.906007E+00,1.727328E-01,0.000000E+00
3.4700E-07,2.906007E+00,8.636639E-02,2.205160E-03
3.4750E-07,2.991478E+00,8.636639E-02,0.000000E+00
3.4800E-07,3.076949E+00,8.636639E-02,0.000000E+00
3.4850E-07,2.991478E+00,8.636639E-02,-2.205160E-03
3.4900E-07,2.991478E+00,0.000000E+00,0.000000E+00
3.4950E-07,2.906007E+00,0.000000E+00,2.205160E-03
3.5000E-07,2.906007E+00,0.000000E+00,0.000000E+00
3.5050E-07,2.906007E+00,8.636639E-02,2.205160E-03
3.5100E-07,2.991478E+00,8.636639E-02,2.205160E-03
3.5150E-07,2.991478E+00,8.636639E-02,2.205160E-03
3.5200E-07,2.906007E+00,8.636639E-02,2.205160E-03
3.5250E-07,2.906007E+00,8.636639E-02,0.000000E+00
3.5300E-07,2.991478E+00,8.636639E-02,2.205160E-03
3.5350E-07,3.076949E+00,8.636639E-02,2.205160E-03
3.5400E-07,3.076949E+00,8.636639E-02,2.205160E-03
3.5450E-07,2.991478E+00,8.636639E-02,2.205160E-03
3.5500E-07,2.991478E+00,8.636639E-02,0.000000E+00
3.5550E-07,3.076949E+00,8.636639E-02,0.000000E+00
3.5600E-07,2.991478E+00,8.636639E-02,0.000000E+00
3.5650E-07,2.991478E+00,8.636639E-02,0.000000E+00
3.5700E-07,3.076949E+00,8.636639E-02,-2.205160E-03
3.5750E-07,3.162420E+00,8.636639E-02,-2.205160E-03
3.5800E-07,3.076949E+00,8.636639E-02,0.000000E+00
3.5850E-07,2.991478E+00,8.636639E-02,-2.205160E-03
3.5900E-07,3.076949E+00,1.727328E-01,-2.205160E-03
3.5950E-07,3.076949E+00,1.727328E-01,-2.205160E-03
3.6000E-07,3.076949E+00,8.636639E-02,-4.410320E-03
3.6050E-07,3.076949E+00,0.000000E+00,0.000000E+00
3.6100E-07,3.076949E+00,0.000000E+00,0.000000E+00
3.6150E-07,3.162420E+00,8.636639E-02,0.000000E+00
3.6200E-07,3.162420E+00,8.636639E-02,0.000000E+00
3.6250E-07,3.076949E+00,1.727328E-01,-2.205160E-03
3.6300E-07,3.076949E+00,8.636639E-02,-2.205160E-03
3.6350E-07,3.076949E+00,8.636639E-02,0.000000E+00
3.6400E-07,3.076949E+00,8.636639E-02,0.000000E+00
3.6450E-07,3.076949E+00,8.636639E-02,0.000000E+00
3.6500E-07,3.076949E+00,0.000000E+00,-2.205160E-03
3.6550E-07,2.991478E+00,0.000000E+00,-2.205160E-03
3.6600E-07,3.076949E+00,0.000000E+00,-2.205160E-03
3.6650E-07,3.076949E+00,8.636639E-02,0.000000E+00
3.6700E-07,3.076949E+00,1.727328E-01,-2.205160E-03
3.6750E-07,3.076949E+00,8.636639E-02,-2.205160E-03
3.6800E-07,3.162420E+00,8.636639E-02,0.000000E+00
3.6850E-07,3.162420E+00,0.000000E+00,0.000000E+00
3.6900E-07,3.162420E+00,0.000000E+00,0.000000E+00
3.6950E-07,3.162420E+00,8.636639E-02,-2.205160E-03
3.7000E-07,3.076949E+00,8.636639E-02,2.205160E-03
3.7050E-07,3.076949E+00,8.636639E-02,0.000000E+00
3.7100E-07,3.076949E+00,1.727328E-01,-2.205160E-03
3.7150E-07,3.162420E+00,8.636639E-02,2.205160E-03
3.7200E-07,3.162420E+00,1.727328E-01,0.000000E+00
3.7250E-07,2.991478E+00,1.727328E-01,2.205160E-03
3.7300E-07,2.991478E+00,8.636639E-02,-2.205160E-03
3.7350E-07,3.076949E+00,8.636639E-02,0.000000E+00
3.7400E-07,3.162420E+00,8.636639E-02,2.205160E-03
3.7450E-07,3.076949E+00,1.727328E-01,0.000000E+00
3.7500E-07,3.162420E+00,8.636639E-02,-2.205160E-03
3.7550E-07,3.162420E+00,8.636639E-02,-2.205160E-03
3.7600E-07,3.076949E+00,1.727328E-01,-2.205160E-03
3.7650E-07,3.076949E+00,1.727328E-01,-2.205160E-03
3.7700E-07,3.076949E+00,8.636639E-02,-2.205160E-03
3.7750E-07,3.162420E+00,8.636639E-02,2.205160E-03
3.7800E-07,3.247890E+00,8.636639E-02,0.000000E+00
3.7850E-07,3.247890E+00,8.636639E-02,2.205160E-03
3.7900E-07,3.247890E+00,8.636639E-02,-2.205160E-03
3.7950E-07,3.247890E+00,8.636639E-02,0.000000E+00
3.8000E-07,3.247890E+00,8.636639E-02,-4.410320E-03
3.8050E-07,3.333361E+00,1.727328E-01,-2.205160E-03
3.8100E-07,3.333361E+00,1.727328E-01,-2.205160E-03
3.8150E-07,3.247890E+00,8.636639E-02,-4.410320E-03
3.8200E-07,3.162420E+00,8.636639E-02,-4.410320E-03
3.8250E-07,3.162420E+00,1.727328E-01,-2.205160E-03
3.8300E-07,3.247890E+00,8.636639E-02,-2.205160E-03
3.8350E-07,3.247890E+00,8.636639E-02,0.000000E+00
3.8400E-07,3.247890E+00,8.636639E-02,-6.615480E-03
3.8450E-07,3.162420E+00,8.636639E-02,-2.205160E-03
3.8500E-07,3.247890E+00,8.636639E-02,-2.205160E-03
3.8550E-07,3.247890E+00,1.727328E-01,-2.205160E-03
3.8600E-07,3.247890E+00,1.727328E-01,-2.205160E-03
3.8650E-07,3.247890E+00,8.636639E-02,-2.205160E-03
3.8700E-07,3.247890E+00,8.636639E-02,0.000000E+00
3.8750E-07,3.333361E+00,8.636639E-02,-4.410320E-03
3.8800E-07,3.333361E+00,1.727328E-01,0.000000E+00
3.8850E-07,3.247890E+00,1.727328E-01,-4.410320E-03
3.8900E-07,3.247890E+00,8.636639E-02,-2.205160E-03
3.8950E-07,3.247890E+00,8.636639E-02,0.000000E+00
3.9000E-07,3.162420E+00,8.636639E-02,-4.410320E-03
3.9050E-07,3.247890E+00,8.636639E-02,-2.205160E-03
3.9100E-07,3.333361E+00,8.636639E-02,-2.205160E-03
3.9150E-07,3.333361E+00,1.727328E-01,0.000000E+00
3.9200E-07,3.333361E+00,8.636639E-02,-2.205160E-03
3.9250E-07,3.247890E+00,8.636639E-02,0.000000E+00
3.9300E-07,3.247890E+00,8.636639E-02,-2.205160E-03
3.9350E-07,3.333361E+00,8.636639E-02,-2.205160E-03
3.9400E-07,3.247890E+00,8.636639E-02,-2.205160E-03
3.9450E-07,3.247890E+00,1.727328E-01,-4.410320E-03
3.9500E-07,3.333361E+00,1.727328E-01,-2.205160E-03
3.9550E-07,3.247890E+00,1.727328E-01,-2.205160E-03
3.9600E-07,3.247890E+00,1.727328E-01,-4.410320E-03
3.9650E-07,3.247890E+00,8.636639E-02,-2.205160E-03
3.9700E-07,3.162420E+00,8.636639E-02,-2.205160E-03
3.9750E-07,3.247890E+00,8.636639E-02,0.000000E+00
3.9800E-07,3.333361E+00,8.636639E-02,0.000000E+00
3.9850E-07,3.333361E+00,8.636639E-02,0.000000E+00
3.9900E-07,3.333361E+00,1.727328E-01,-2.205160E-03
3.9950E-07,3.247890E+00,1.727328E-01,2.205160E-03
4.0000E-07,3.333361E+00,1.727328E-01,0.000000E+00
4.0050E-07,3.333361E+00,8.636639E-02,-2.205160E-03
4.0100E-07,3.418832E+00,0.000000E+00,2.205160E-03
4.0150E-07,3.418832E+00,8.636639E-02,0.000000E+00
4.0200E-07,3.333361E+00,1.727328E-01,-2.205160E-03
4.0250E-07,3.418832E+00,1.727328E-01,-2.205160E-03
4.0300E-07,3.418832E+00,8.636639E-02,0.000000E+00
4.0350E-07,3.333361E+00,8.636639E-02,-2.205160E-03
4.0400E-07,3.247890E+00,1.727328E-01,-2.205160E-03
4.0450E-07,3.333361E+00,8.636639E-02,-2.205160E-03
4.0500E-07,3.333361E+00,8.636639E-02,-2.205160E-03
4.0550E-07,3.333361E+00,8.636639E-02,-2.205160E-03
4.0600E-07,3.333361E+00,8.636639E-02,-2.205160E-03
4.0650E-07,3.247890E+00,1.727328E-01,0.000000E+00
4.0700E-07,3.333361E+00,8.636639E-02,0.000000E+00
4.0750E-07,3.333361E+00,8.636639E-02,0.000000E+00
4.0800E-07,3.333361E+00,0.000000E+00,0.000000E+00
4.0850E-07,3.247890E+00,8.636639E-02,0.000000E+00
4.0900E-07,3.076949E+00,0.000000E+00,2.205160E-03
4.0950E-07,2.991478E+00,0.000000E+00,0.000000E+00
4.1000E-07,2.820537E+00,8.636639E-02,2.205160E-03
4.1050E-07,2.735066E+00,8.636639E-02,-2.205160E-03
4.1100E-07,2.564124E+00,8.636639E-02,0.000000E+00
4.1150E-07,2.478653E+00,0.000000E+00,-2.205160E-03
4.1200E-07,2.307712E+00,0.000000E+00,-2.205160E-03
4.1250E-07,2.222241E+00,8.636639E-02,0.000000E+00
4.1300E-07,2.051299E+00,1.727328E-01,0.000000E+00
4.1350E-07,2.051299E+00,8.636639E-02,0.000000E+00
4.1400E-07,1.965828E+00,0.000000E+00,2.205160E-03
4.1450E-07,1.794887E+00,0.000000E+00,0.000000E+00
4.1500E-07,1.709416E+00,8.636639E-02,0.000000E+00
4.1550E-07,1.623945E+00,0.000000E+00,0.000000E+00
4.1600E-07,1.538474E+00,0.000000E+00,2.205160E-03
4.1650E-07,1.453004E+00,8.636639E-02,2.205160E-03
4.1700E-07,1.453004E+00,8.636639E-02,0.000000E+00
4.1750E-07,1.367533E+00,8.636639E-02,-2.205160E-03
4.1800E-07,1.282062E+00,0.000000E+00,4.410320E-03
4.1850E-07,1.111120E+00,8.636639E-02,2.205160E-03
4.1900E-07,1.111120E+00,8.636639E-02,0.000000E+00
4.1950E-07,1.111120E+00,8.636639E-02,-4.410320E-03
4.2000E-07,1.025650E+00,1.727328E-01,2.205160E-03
4.2050E-07,1.025650E+00,1.727328E-01,0.000000E+00
4.2100E-07,9.401788E-01,8.636639E-02,-2.205160E-03
4.2150E-07,9.401788E-01,0.000000E+00,0.000000E+00
4.2200E-07,1.025650E+00,0.000000E+00,0.000000E+00
4.2250E-07,1.025650E+00,8.636639E-02,2.205160E-03
4.2300E-07,9.401788E-01,8.636639E-02,0.000000E+00
4.2350E-07,9.401788E-01,0.000000E+00,-2.205160E-03
4.2400E-07,9.401788E-01,0.000000E+00,0.000000E+00
4.2450E-07,9.401788E-01,0.000000E+00,2.205160E-03
4.2500E-07,1.025650E+00,0.000000E+00,0.000000E+00
4.2550E-07,9.401788E-01,8.636639E-02,2.205160E-03
4.2600E-07,8.547080E-01,8.636639E-02,2.205160E-03
4.2650E-07,8.547080E-01,8.636639E-02,4.410320E-03
4.2700E-07,8.547080E-01,1.727328E-01,4.410320E-03
4.2750E-07,8.547080E-01,8.636639E-02,0.000000E+00
4.2800E-07,9.401788E-01,8.636639E-02,2.205160E-03
4.2850E-07,8.547080E-01,0.000000E+00,2.205160E-03
4.2900E-07,7.692372E-01,8.636639E-02,2.205160E-03
4.2950E-07,7.692372E-01,8.636639E-02,0.000000E+00
4.3000E-07,7.692372E-01,8.636639E-02,0.000000E+00
4.3050E-07,7.692372E-01,8.636639E-02,2.205160E-03
4.3100E-07,7.692372E-01,0.000000E+00,-2.205160E-03
4.3150E-07,7.692372E-01,8.636639E-02,0.000000E+00
4.3200E-07,6.837664E-01,8.636639E-02,0.000000E+00
4.3250E-07,6.837664E-01,8.636639E-02,-2.205160E-03
4.3300E-07,6.837664E-01,0.000000E+00,-2.205160E-03
4.3350E-07,6.837664E-01,8.636639E-02,-2.205160E-03
4.3400E-07,6.837664E-01,8.636639E-02,-6.615480E-03
4.3450E-07,6.837664E-01,0.000000E+00,-2.205160E-03
4.3500E-07,6.837664E-01,0.000000E+00,-6.615480E-03
4.3550E-07,6.837664E-01,8.636639E-02,0.000000E+00
4.3600E-07,6.837664E-01,1.727328E-01,-6.615480E-03
4.3650E-07,5.982956E-01,8.636639E-02,-4.410320E-03
4.3700E-07,5.982956E-01,8.636639E-02,-4.410320E-03
4.3750E-07,6.837664E-01,1.727328E-01,-2.205160E-03
4.3800E-07,5.982956E-01,8.636639E-02,-4.410320E-03
4.3850E-07,5.982956E-01,1.727328E-01,-2.205160E-03
4.3900E-07,5.128248E-01,1.727328E-01,-2.205160E-03
4.3950E-07,5.982956E-01,1.727328E-01,-2.205160E-03
4.4000E-07,5.982956E-01,1.727328E-01,-2.205160E-03
4.4050E-07,5.128248E-01,8.636639E-02,2.205160E-03
4.4100E-07,5.128248E-01,8.636639E-02,-2.205160E-03
4.4150E-07,5.128248E-01,8.636639E-02,-4.410320E-03
4.4200E-07,5.128248E-01,0.000000E+00,-2.205160E-03
4.4250E-07,4.273540E-01,8.636639E-02,-2.205160E-03
4.4300E-07,5.128248E-01,1.727328E-01,-2.205160E-03
4.4350E-07,5.128248E-01,8.636639E-02,-2.205160E-03
4.4400E-07,5.128248E-01,8.636639E-02,-2.205160E-03
4.4450E-07,5.128248E-01,8.636639E-02,0.000000E+00
4.4500E-07,5.982956E-01,0.000000E+00,0.000000E+00
4.4550E-07,5.982956E-01,8.636639E-02,0.000000E+00
4.4600E-07,4.273540E-01,1.727328E-01,2.205160E-03
4.4650E-07,4.273540E-01,8.636639E-02,2.205160E-03
4.4700E-07,4.273540E-01,0.000000E+00,0.000000E+00
4.4750E-07,4.273540E-01,8.636639E-02,-2.205160E-03
4.4800E-07,3.418832E-01,8.636639E-02,0.000000E+00
4.4850E-07,4.273540E-01,0.000000E+00,-2.205160E-03
4.4900E-07,4.273540E-01,0.000000E+00,0.000000E+00
4.4950E-07,4.273540E-01,8.636639E-02,0.000000E+00
4.5000E-07,4.273540E-01,8.636639E-02,-2.205160E-03
4.5050E-07,4.273540E-01,8.636639E-02,0.000000E+00
